#Release 14.6 - par P.68d (nt64)
#Copyright (c) 1995-2013 Xilinx, Inc.  All rights reserved.

#Mon Sep 08 15:26:29 2014

#
## NOTE: This file is designed to be imported into a spreadsheet program
# such as Microsoft Excel for viewing, printing and sorting. The |
# character is used as the data field separator. This file is also designed
# to support parsing.
#
#INPUT FILE:       lab3dpath_map.ncd
#OUTPUT FILE:      lab3dpath_pad.csv
#PART TYPE:        xc3s100e
#SPEED GRADE:      -5
#PACKAGE:          cp132
#
# Pinout by Pin Number:
# 
# -----,-----,-----,-----,-----,-----,-----,-----,-----,-----,-----,-----,-----,-----,-----,
Pin Number,Signal Name,Pin Usage,Pin Name,Direction,IO Standard,IO Bank Number,Drive (mA),Slew Rate,Termination,IOB Delay,Voltage,Constraint,IO Register,Signal Integrity,
A1,,,PROG_B,,,,,,,,,,,,
A2,,,TDI,,,,,,,,,,,,
A3,,DIFFM,IO_L11P_0,UNUSED,,0,,,,,,,,,
A4,,,NC,,,,,,,,,,,,
A5,,,VCCAUX,,,,,,,,2.5,,,,
A6,,,VCCO_0,,,0,,,,,any******,,,,
A7,,DIFFM,IO_L07P_0/GCLK10,UNUSED,,0,,,,,,,,,
A8,,,GND,,,,,,,,,,,,
A9,,DIFFS,IO_L05N_0/GCLK7,UNUSED,,0,,,,,,,,,
A10,,DIFFM,IO_L04P_0/GCLK4,UNUSED,,0,,,,,,,,,
A11,,,VCCINT,,,,,,,,1.2,,,,
A12,,,NC,,,,,,,,,,,,
A13,,DIFFM,IO_L01P_0,UNUSED,,0,,,,,,,,,
A14,,,TDO,,,,,,,,,,,,
B1,y<1>,IOB,IO_L01N_3,OUTPUT,LVCMOS25*,3,12,SLOW,NONE**,,,UNLOCATED,NO,NONE,
B2,y<0>,IOB,IO_L01P_3,OUTPUT,LVCMOS25*,3,12,SLOW,NONE**,,,UNLOCATED,NO,NONE,
B3,,DIFFS,IO_L11N_0/HSWAP,UNUSED,,0,,,,,,,,,
B4,,IBUF,IP,UNUSED,,0,,,,,,,,,
B5,,DIFFM,IO_L09P_0,UNUSED,,0,,,,,,,,,
B6,,DIFFM,IO_L08P_0,UNUSED,,0,,,,,,,,,
B7,,DIFFS,IO_L07N_0/GCLK11,UNUSED,,0,,,,,,,,,
B8,,DIFFMI,IP_L06P_0/GCLK8,UNUSED,,0,,,,,,,,,
B9,,DIFFM,IO_L05P_0/GCLK6,UNUSED,,0,,,,,,,,,
B10,,,VCCO_0,,,0,,,,,any******,,,,
B11,,,NC,,,,,,,,,,,,
B12,,,NC,,,,,,,,,,,,
B13,,,TCK,,,,,,,,,,,,
B14,,,TMS,,,,,,,,,,,,
C1,,,NC,,,,,,,,,,,,
C2,y<3>,IOB,IO_L02N_3,OUTPUT,LVCMOS25*,3,12,SLOW,NONE**,,,UNLOCATED,NO,NONE,
C3,y<2>,IOB,IO_L02P_3,OUTPUT,LVCMOS25*,3,12,SLOW,NONE**,,,UNLOCATED,NO,NONE,
C4,,,NC,,,,,,,,,,,,
C5,,DIFFS,IO_L09N_0,UNUSED,,0,,,,,,,,,
C6,,DIFFS,IO_L08N_0/VREF_0,UNUSED,,0,,,,,,,,,
C7,,,GND,,,,,,,,,,,,
C8,,DIFFSI,IP_L06N_0/GCLK9,UNUSED,,0,,,,,,,,,
C9,,DIFFS,IO_L04N_0/GCLK5,UNUSED,,0,,,,,,,,,
C10,,,GND,,,,,,,,,,,,
C11,,IBUF,IP,UNUSED,,0,,,,,,,,,
C12,,DIFFS,IO_L01N_0,UNUSED,,0,,,,,,,,,
C13,,DIFFS,IO_L10N_1/LDC2,UNUSED,,1,,,,,,,,,
C14,,DIFFM,IO_L10P_1/LDC1,UNUSED,,1,,,,,,,,,
D1,,,NC,,,,,,,,,,,,
D2,y<4>,IOB,IO,OUTPUT,LVCMOS25*,3,12,SLOW,NONE**,,,UNLOCATED,NO,NONE,
D3,,,VCCINT,,,,,,,,1.2,,,,
D12,,DIFFS,IO_L09N_1/LDC0,UNUSED,,1,,,,,,,,,
D13,,DIFFM,IO_L09P_1/HDC,UNUSED,,1,,,,,,,,,
D14,,,NC,,,,,,,,,,,,
E1,,,VCCO_3,,,3,,,,,2.50,,,,
E2,x1<0>,IBUF,IP/VREF_3,INPUT,LVCMOS25*,3,,,,NONE,,UNLOCATED,NO,NONE,
E3,,,GND,,,,,,,,,,,,
E12,,,VCCAUX,,,,,,,,2.5,,,,
E13,,,VCCO_1,,,1,,,,,any******,,,,
E14,,,GND,,,,,,,,,,,,
F1,y<7>,IOB,IO_L05P_3/LHCLK2,OUTPUT,LVCMOS25*,3,12,SLOW,NONE**,,,UNLOCATED,NO,NONE,
F2,y<6>,IOB,IO_L04N_3/LHCLK1,OUTPUT,LVCMOS25*,3,12,SLOW,NONE**,,,UNLOCATED,NO,NONE,
F3,y<5>,IOB,IO_L04P_3/LHCLK0,OUTPUT,LVCMOS25*,3,12,SLOW,NONE**,,,UNLOCATED,NO,NONE,
F12,,IOB,IO/A0,UNUSED,,1,,,,,,,,,
F13,,DIFFS,IO_L08N_1/A1,UNUSED,,1,,,,,,,,,
F14,,DIFFM,IO_L08P_1/A2,UNUSED,,1,,,,,,,,,
G1,y<8>,IOB,IO_L05N_3/LHCLK3/IRDY2,OUTPUT,LVCMOS25*,3,12,SLOW,NONE**,,,UNLOCATED,NO,NONE,
G2,,,GND,,,,,,,,,,,,
G3,y<9>,IOB,IO_L06P_3/LHCLK4/TRDY2,OUTPUT,LVCMOS25*,3,12,SLOW,NONE**,,,UNLOCATED,NO,NONE,
G12,,IBUF,IP/VREF_1,UNUSED,,1,,,,,,,,,
G13,,DIFFS,IO_L07N_1/A3/RHCLK7,UNUSED,,1,,,,,,,,,
G14,,DIFFM,IO_L07P_1/A4/RHCLK6,UNUSED,,1,,,,,,,,,
H1,x1<1>,IBUF,IO_L06N_3/LHCLK5,INPUT,LVCMOS25*,3,,,,NONE,,UNLOCATED,NO,NONE,
H2,x1<2>,IBUF,IO_L07P_3/LHCLK6,INPUT,LVCMOS25*,3,,,,NONE,,UNLOCATED,NO,NONE,
H3,x1<3>,IBUF,IO_L07N_3/LHCLK7,INPUT,LVCMOS25*,3,,,,NONE,,UNLOCATED,NO,NONE,
H12,,DIFFS,IO_L06N_1/A5/RHCLK5,UNUSED,,1,,,,,,,,,
H13,,DIFFM,IO_L06P_1/A6/RHCLK4/IRDY1,UNUSED,,1,,,,,,,,,
H14,,,GND,,,,,,,,,,,,
J1,,,GND,,,,,,,,,,,,
J2,,,VCCO_3,,,3,,,,,2.50,,,,
J3,x1<4>,IBUF,IO,INPUT,LVCMOS25*,3,,,,NONE,,UNLOCATED,NO,NONE,
J12,,DIFFS,IO_L04N_1/A9/RHCLK1,UNUSED,,1,,,,,,,,,
J13,,DIFFM,IO_L05P_1/A8/RHCLK2,UNUSED,,1,,,,,,,,,
J14,,DIFFS,IO_L05N_1/A7/RHCLK3/TRDY1,UNUSED,,1,,,,,,,,,
K1,,,VCCAUX,,,,,,,,2.5,,,,
K2,,,NC,,,,,,,,,,,,
K3,x1<5>,IBUF,IP/VREF_3,INPUT,LVCMOS25*,3,,,,NONE,,UNLOCATED,NO,NONE,
K12,,,GND,,,,,,,,,,,,
K13,,IOB,IO/VREF_1,UNUSED,,1,,,,,,,,,
K14,,DIFFM,IO_L04P_1/A10/RHCLK0,UNUSED,,1,,,,,,,,,
L1,x1<6>,IBUF,IO_L08P_3,INPUT,LVCMOS25*,3,,,,NONE,,UNLOCATED,NO,NONE,
L2,x1<7>,IBUF,IO_L08N_3,INPUT,LVCMOS25*,3,,,,NONE,,UNLOCATED,NO,NONE,
L3,x1<8>,IBUF,IO_L09P_3,INPUT,LVCMOS25*,3,,,,NONE,,UNLOCATED,NO,NONE,
L12,,,VCCINT,,,,,,,,1.2,,,,
L13,,DIFFM,IO_L03P_1/A12,UNUSED,,1,,,,,,,,,
L14,,DIFFS,IO_L03N_1/A11,UNUSED,,1,,,,,,,,,
M1,x1<9>,IBUF,IO_L09N_3,INPUT,LVCMOS25*,3,,,,NONE,,UNLOCATED,NO,NONE,
M2,x2<0>,IBUF,IO_L01P_2/CSO_B,INPUT,LVCMOS25*,2,,,,NONE,,UNLOCATED,NO,NONE,
M3,,,GND,,,,,,,,,,,,
M4,x2<5>,IBUF,IO_L03P_2/D7/GCLK12,INPUT,LVCMOS25*,2,,,,NONE,,UNLOCATED,NO,NONE,
M5,x2<8>,IBUF,IO_L04P_2/D4/GCLK14,INPUT,LVCMOS25*,2,,,,NONE,,UNLOCATED,NO,NONE,
M6,x3<0>,IBUF,IP_L05P_2/RDWR_B/GCLK0,INPUT,LVCMOS25*,2,,,,NONE,,UNLOCATED,NO,NONE,
M7,,,GND,,,,,,,,,,,,
M8,,,VCCO_2,,,2,,,,,2.50,,,,
M9,,,NC,,,,,,,,,,,,
M10,,,NC,,,,,,,,,,,,
M11,x3<9>,IBUF,IO_L10N_2/VS1/A18,INPUT,LVCMOS25*,2,,,,NONE,,UNLOCATED,NO,NONE,
M12,,DIFFM,IO_L02P_1/A14,UNUSED,,1,,,,,,,,,
M13,,DIFFS,IO_L02N_1/A13,UNUSED,,1,,,,,,,,,
M14,,,VCCO_1,,,1,,,,,any******,,,,
N1,x2<1>,IBUF,IO_L01N_2/INIT_B,INPUT,LVCMOS25*,2,,,,NONE,,UNLOCATED,NO,NONE,
N2,x2<3>,IBUF,IO_L02N_2/MOSI/CSI_B,INPUT,LVCMOS25*,2,,,,NONE,,UNLOCATED,NO,NONE,
N3,x2<4>,IBUF,IP/VREF_2,INPUT,LVCMOS25*,2,,,,NONE,,UNLOCATED,NO,NONE,
N4,x2<6>,IBUF,IO_L03N_2/D6/GCLK13,INPUT,LVCMOS25*,2,,,,NONE,,UNLOCATED,NO,NONE,
N5,x2<9>,IBUF,IO_L04N_2/D3/GCLK15,INPUT,LVCMOS25*,2,,,,NONE,,UNLOCATED,NO,NONE,
N6,x3<1>,IBUF,IP_L05N_2/M2/GCLK1,INPUT,LVCMOS25*,2,,,,NONE,,UNLOCATED,NO,NONE,
N7,x3<4>,IBUF,IO/M1,INPUT,LVCMOS25*,2,,,,NONE,,UNLOCATED,NO,NONE,
N8,x3<6>,IBUF,IO_L07N_2/DIN/D0,INPUT,LVCMOS25*,2,,,,NONE,,UNLOCATED,NO,NONE,
N9,,,NC,,,,,,,,,,,,
N10,,,NC,,,,,,,,,,,,
N11,x3<8>,IBUF,IO_L10P_2/VS2/A19,INPUT,LVCMOS25*,2,,,,NONE,,UNLOCATED,NO,NONE,
N12,,DIFFS,IO_L11N_2/CCLK,UNUSED,,2,,,,,,,,,
N13,,DIFFM,IO_L01P_1/A16,UNUSED,,1,,,,,,,,,
N14,,DIFFS,IO_L01N_1/A15,UNUSED,,1,,,,,,,,,
P1,x2<2>,IBUF,IO_L02P_2/DOUT/BUSY,INPUT,LVCMOS25*,2,,,,NONE,,UNLOCATED,NO,NONE,
P2,,,VCCINT,,,,,,,,1.2,,,,
P3,,,VCCO_2,,,2,,,,,2.50,,,,
P4,x2<7>,IBUF,IO/D5,INPUT,LVCMOS25*,2,,,,NONE,,UNLOCATED,NO,NONE,
P5,,,GND,,,,,,,,,,,,
P6,x3<2>,IBUF,IO_L06P_2/D2/GCLK2,INPUT,LVCMOS25*,2,,,,NONE,,UNLOCATED,NO,NONE,
P7,x3<3>,IBUF,IO_L06N_2/D1/GCLK3,INPUT,LVCMOS25*,2,,,,NONE,,UNLOCATED,NO,NONE,
P8,x3<5>,IBUF,IO_L07P_2/M0,INPUT,LVCMOS25*,2,,,,NONE,,UNLOCATED,NO,NONE,
P9,,,VCCAUX,,,,,,,,2.5,,,,
P10,,,NC,,,,,,,,,,,,
P11,x3<7>,IBUF,IP/VREF_2,INPUT,LVCMOS25*,2,,,,NONE,,UNLOCATED,NO,NONE,
P12,,DIFFM,IO_L11P_2/VS0/A17,UNUSED,,2,,,,,,,,,
P13,,,DONE,,,,,,,,,,,,
P14,,,GND,,,,,,,,,,,,

# -----,-----,-----,-----,-----,-----,-----,-----,-----,-----,-----,-----,-----,-----,-----,
# 
#* Default value.
#** This default Pullup/Pulldown value can be overridden in Bitgen. 
#****** Special VCCO requirements may apply. Please consult the device 
#       family datasheet for specific guideline on VCCO requirements. 
#
#
#